Empresa;Línea
EL LIBERTADOR SRL;562
EL LIBERTADOR SRL;563
EMPRESA BATAN S.A.;715
EMPRESA BATAN S.A.;720
EMPRESA DE TRANSPORTE 12 DE OCTUBRE S R L;531
EMPRESA DE TRANSPORTE 12 DE OCTUBRE S R L;532
EMPRESA DE TRANSPORTE 12 DE OCTUBRE S R L;533
EMPRESA DE TRANSPORTE PERALTA RAMOS SACI;511
EMPRESA DE TRANSPORTE PERALTA RAMOS SACI;512
EMPRESA DE TRANSPORTE PERALTA RAMOS SACI;717
TRANSPORTES 25 DE MAYO SRL;501
TRANSPORTES 25 DE MAYO SRL;521
TRANSPORTES 25 DE MAYO SRL;522
TRANSPORTES 25 DE MAYO SRL;523
TRANSPORTES 25 DE MAYO SRL;525
TRANSPORTES 25 DE MAYO SRL;541
TRANSPORTES 25 DE MAYO SRL;542
TRANSPORTES 25 DE MAYO SRL;543
TRANSPORTES 25 DE MAYO SRL;551
TRANSPORTES 25 DE MAYO SRL;552
TRANSPORTES 25 DE MAYO SRL;553
TRANSPORTES 25 DE MAYO SRL;554
TRANSPORTES 25 DE MAYO SRL;555
TRANSPORTES 25 DE MAYO SRL;571
TRANSPORTES 25 DE MAYO SRL;573
TRANSPORTES 25 DE MAYO SRL;581
TRANSPORTES 25 DE MAYO SRL;591
TRANSPORTES 25 DE MAYO SRL;593
